<?xml version="1.0" encoding="UTF-8"?>
<project-private xmlns="http://www.netbeans.org/ns/project-private/1">
    <editor-bookmarks xmlns="http://www.netbeans.org/ns/editor-bookmarks/2" lastBookmarkId="0"/>
    <open-files xmlns="http://www.netbeans.org/ns/projectui-open-files/2">
        <group>
            <file>file:/E:/Downloadables/MyApp/src/MyProject/Menu1.java</file>
            <file>file:/E:/Downloadables/MyApp/src/MyProject/Login.java</file>
            <file>file:/E:/Downloadables/MyApp/src/MyProject/Dashboard1.java</file>
            <file>file:/E:/Downloadables/MyApp/src/MyProject/Dashboard.java</file>
            <file>file:/E:/Downloadables/MyApp/src/MyProject/Signup.java</file>
            <file>file:/E:/Downloadables/MyApp/src/MyProject/Chart.java</file>
            <file>file:/E:/Downloadables/MyApp/src/MyProject/About.java</file>
            <file>file:/E:/Downloadables/MyApp/src/MyProject/Menu.java</file>
            <file>file:/E:/Downloadables/MyApp/src/MyProject/Contact.java</file>
            <file>file:/E:/Downloadables/MyApp/src/MyProject/Signup1.java</file>
            <file>file:/E:/Downloadables/MyApp/src/MyProject/Project.java</file>
            <file>file:/E:/Downloadables/MyApp/src/MyProject/OwnerCyclist.java</file>
            <file>file:/E:/Downloadables/MyApp/src/MyProject/Login1.java</file>
            <file>file:/E:/Downloadables/MyApp/src/MyProject/Dashboard2.java</file>
        </group>
    </open-files>
</project-private>
